job,min,pc,qty,runtime,shotlimit,usehour,interval
SS,1.5,2,4000,88.88888889,800,20,8
AS1,1.5,2,4000,88.88888889,800,20,8
AS2,1.5,2,4000,88.88888889,800,20,8
TS,1.5,2,2000,44.44444444,800,20,8
BS,1.5,1,500,5.555555556,800,20,8
CL1,2,2,3000,50,800,27,8
CL2,2,2,3000,50,800,27,8
ACL,2,2,100,1.666666667,800,27,8
BCL,2,2,1000,16.66666667,800,27,8
ECL,2,2,200,3.333333333,800,27,8
