job,min,pcs,qty,runtime
SS,1.5,2,4000,88.88888889
AS,1.5,2,8000,177.7777778
TS,1.5,2,2000,44.44444444
BS,1.5,1,500,5.555555556
CL,2,2,6000,100
ACL,2,2,100,1.666666667
BCL,2,2,1000,16.66666667
ECL,2,2,200,3.333333333
